{
  "id": "a9e4b290-7524-11e8-971c-a953eaded982",
  "sourceType": 2,
  "projectId": 747,
  "projectVersionId": null,
  "projectUuid": "bc32c870-7523-11e8-acb3-1b81ff7977c1",
  "name": "回归1521",
  "description": null,
  "state": 1,
  "approvedBy": "1",
  "approvedAt": "2018-06-21T07:28:40.964Z",
  "apiUri": "http://msserver.aps.com:31234/aps/service/a9e4b290-7524-11e8-971c-a953eaded982",
  "apiKey": "0pzTktOD04DSnNOA05bTgdOF05rTkNOW0pzTktKK05bSh9OR0oHSitKD0p7ShNKG0oHSh9Ke0oLSgtOW0ovSntKK0oTSgtOQ0p7TktKK0obSgNOW05LTl9OW05fSitKL0oE=",
  "services": {
    "service": [
      "rest"
    ]
  },
  "creator": 1,
  "createTime": "2018-06-21T07:28:16.441Z",
  "updateTime": "2018-06-21T07:28:40.964Z",
  "opStatus": 0,
  "extension": {
    "projectName": "回归1521"
  },
  "models": {
    "RandomForest_a9fef152-7524-11e8-971c-a953eaded982": {
      "id": "a9fef152-7524-11e8-971c-a953eaded982",
      "serviceId": "a9e4b290-7524-11e8-971c-a953eaded982",
      "serviceVersionId": "a9eceff0-7524-11e8-971c-a953eaded982",
      "name": "RandomForest",
      "moduleName": "ML_HyperparamsCV",
      "description": null,
      "type": "pkl",
      "algType": "REGRESSION",
      "filePath": "/mnt/nfsfile/model/747/1924/a9fef152-7524-11e8-971c-a953eaded982/io_11",
      "features": {
        "feature_shape": [
          1,
          51
        ],
        "framework": "sklearn",
        "config": {
          "params": [
            {
              "value": 0,
              "data_type": "int",
              "name": "verbose"
            },
            {
              "value": false,
              "data_type": "bool",
              "name": "warm_start"
            },
            {
              "value": 0,
              "data_type": "float",
              "name": "min_weight_fraction_leaf"
            },
            {
              "value": true,
              "data_type": "bool",
              "name": "bootstrap"
            },
            {
              "value": 1,
              "data_type": "int",
              "name": "n_jobs"
            },
            {
              "value": 0,
              "data_type": "float",
              "name": "min_impurity_decrease"
            },
            {
              "value": 2,
              "data_type": "int",
              "name": "min_samples_split"
            },
            {
              "value": 200,
              "data_type": "int",
              "name": "n_estimators"
            },
            {
              "value": 10,
              "data_type": "int",
              "name": "max_depth"
            },
            {
              "value": false,
              "data_type": "bool",
              "name": "oob_score"
            },
            {
              "value": 3,
              "data_type": "int",
              "name": "min_samples_leaf"
            },
            {
              "value": "gini",
              "data_type": "str",
              "name": "criterion"
            }
          ],
          "name": "Default"
        },
        "label": [],
        "version": "0.19.1",
        "name": "RandomForestClassifier",
        "arithmetic": "classifier",
        "features": [
          {
            "kind": "any",
            "name": "x0"
          },
          {
            "kind": "any",
            "name": "x1"
          },
          {
            "kind": "any",
            "name": "x2"
          },
          {
            "kind": "any",
            "name": "x3"
          },
          {
            "kind": "any",
            "name": "x4"
          },
          {
            "kind": "any",
            "name": "x5"
          },
          {
            "kind": "any",
            "name": "x6"
          },
          {
            "kind": "any",
            "name": "x7"
          },
          {
            "kind": "any",
            "name": "x8"
          },
          {
            "kind": "any",
            "name": "x9"
          },
          {
            "kind": "any",
            "name": "x10"
          },
          {
            "kind": "any",
            "name": "x11"
          },
          {
            "kind": "any",
            "name": "x12"
          },
          {
            "kind": "any",
            "name": "x13"
          },
          {
            "kind": "any",
            "name": "x14"
          },
          {
            "kind": "any",
            "name": "x15"
          },
          {
            "kind": "any",
            "name": "x16"
          },
          {
            "kind": "any",
            "name": "x17"
          },
          {
            "kind": "any",
            "name": "x18"
          },
          {
            "kind": "any",
            "name": "x19"
          },
          {
            "kind": "any",
            "name": "x20"
          },
          {
            "kind": "any",
            "name": "x21"
          },
          {
            "kind": "any",
            "name": "x22"
          },
          {
            "kind": "any",
            "name": "x23"
          },
          {
            "kind": "any",
            "name": "x24"
          },
          {
            "kind": "any",
            "name": "x25"
          },
          {
            "kind": "any",
            "name": "x26"
          },
          {
            "kind": "any",
            "name": "x27"
          },
          {
            "kind": "any",
            "name": "x28"
          },
          {
            "kind": "any",
            "name": "x29"
          },
          {
            "kind": "any",
            "name": "x30"
          },
          {
            "kind": "any",
            "name": "x31"
          },
          {
            "kind": "any",
            "name": "x32"
          },
          {
            "kind": "any",
            "name": "x33"
          },
          {
            "kind": "any",
            "name": "x34"
          },
          {
            "kind": "any",
            "name": "x35"
          },
          {
            "kind": "any",
            "name": "x36"
          },
          {
            "kind": "any",
            "name": "x37"
          },
          {
            "kind": "any",
            "name": "x38"
          },
          {
            "kind": "any",
            "name": "x39"
          },
          {
            "kind": "any",
            "name": "x40"
          },
          {
            "kind": "any",
            "name": "x41"
          },
          {
            "kind": "any",
            "name": "x42"
          },
          {
            "kind": "any",
            "name": "x43"
          },
          {
            "kind": "any",
            "name": "x44"
          },
          {
            "kind": "any",
            "name": "x45"
          },
          {
            "kind": "any",
            "name": "x46"
          },
          {
            "kind": "any",
            "name": "x47"
          },
          {
            "kind": "any",
            "name": "x48"
          },
          {
            "kind": "any",
            "name": "x49"
          },
          {
            "kind": "any",
            "name": "x50"
          }
        ]
      },
      "scores": {
        "explainedVarianceScore": "0.9615",
        "r2Score": "0.9614",
        "f1Score": null,
        "logLoss": null
      },
      "state": 1,
      "container": {
        "resource": {
          "cpus": 1,
          "mem": 1024
        },
        "scale": {
          "min": 1,
          "max": 1
        }
      },
      "deployState": 4,
      "apiUri": "http://msserver.aps.com:31234/aps/model/a9fef152-7524-11e8-971c-a953eaded982",
      "apiKey": "0pzTktOD04DSnNOe05zTl9OW05/SnNOS0orTldOW05XSgtKG0oHSntKE0obSgdKH0p7SgtKC05bSi9Ke0orShNKC05DSntOS0orShtKA05bTktOX05bTl9KK0ovSgQ==",
      "creator": 1,
      "createTime": "2018-06-21T07:28:16.613Z",
      "updateTime": "2018-06-21T07:28:16.613Z",
      "opStatus": 0,
      "errInfo": null,
      "trainingTime": 3,
      "resourceInfo": {
        "job": {
          "jobId": 1924,
          "jobName": "回归1521_1"
        },
        "block": {
          "blockId": 14142,
          "outPutPath": "/mnt/nfsfile/jobWorkDir/1924/io_11"
        },
        "project": {
          "projectName": "回归1521",
          "projectId": 747,
          "projectVersionId": null
        }
      },
      "autoMLInfo": {
        "autoMLId": "bd066c21-7523-11e8-971c-a953eaded982",
        "predictType": "REGRESSION",
        "config": {
          "target": {
            "predictType": "REGRESSION",
            "targetCol": "duration"
          },
          "splitSet": {
            "policy": "SPLITDATASET",
            "sampling": {
              "method": "RANDOMRECORDS",
              "recordsNum": 10000
            },
            "spliting": {
              "split": "RANDOM",
              "kFoldCrossTest": true,
              "foldNum": 5,
              "randomSeed": 1377
            }
          },
          "featuresHandling": [
            {
              "cols": [
                "previous",
                "campaign",
                "balance",
                "age",
                "id",
                "pdays",
                "day"
              ],
              "variableType": "NUMERICAL",
              "numHandling": {
                "handling": "QUANTIZE",
                "quantizeNum": 5
              },
              "missValues": {
                "handling": "DROPROWS"
              }
            },
            {
              "cols": [
                "housing",
                "y",
                "job",
                "contact",
                "loan",
                "education",
                "marital",
                "default",
                "poutcome",
                "month"
              ],
              "variableType": "CATEGORICAL",
              "categoryHandling": {
                "handling": "DUMMY"
              },
              "missValues": {
                "handling": "DROPROWS"
              }
            }
          ],
          "algorithms": [
            {
              "id": "4a950ae4-ff01-4c9b-e3af-d9de527c8400",
              "name": "随机森林",
              "params": {
                "n_estimators": [
                  10
                ],
                "min_samples_leaf": [
                  1
                ],
                "max_depth": [
                  null
                ],
                "max_features": [
                  null
                ],
                "n_jobs": 1
              }
            },
            {
              "id": "12312596-770c-8884-cc33-e74277f13500",
              "name": "梯度渐进树",
              "params": {
                "n_estimators": [
                  100
                ],
                "learning_rate": [
                  0.1
                ],
                "loss": [
                  "ls"
                ],
                "max_depth": [
                  3
                ]
              }
            },
            {
              "id": "78087dfc-ed87-b8d0-3a6f-57d5de9aadc2",
              "name": "XGBOOST",
              "params": {
                "learning_rate": [
                  0.1
                ],
                "min_child_weight": [
                  1
                ],
                "n_estimators": [
                  100
                ],
                "reg_alpha": [
                  0
                ],
                "subsample": [
                  1
                ],
                "max_depth": [
                  3
                ],
                "n_jobs": 1,
                "missing": [
                  0
                ],
                "colsample_bytree": [
                  1
                ],
                "gamma": [
                  0
                ],
                "reg_lambda": [
                  1
                ]
              }
            }
          ],
          "hyperparams": {
            "nIter": 10,
            "mode": "KFOLD",
            "nJobs": 1,
            "timeout": 5,
            "nFolds": 5,
            "randomized": true
          },
          "metrics": {
            "evaluationMetric": "r2"
          },
          "resources": {
            "feature": {
              "cpu": 1,
              "mem": 1024
            },
            "algorithms": {
              "cpu": 1,
              "mem": 1024
            },
            "metrics": {
              "cpu": 1,
              "mem": 1024
            }
          }
        },
        "description": null,
        "jobName": "回归1521_1",
        "jobId": 1924,
        "jobStatus": 4,
        "jobStartTime": "2018-06-21T07:21:48.831Z",
        "jobEndTime": "2018-06-21T07:27:00.660Z",
        "blockId": 14142,
        "blockStatus": 8,
        "projectName": "回归1521",
        "projectVersion": "0.1",
        "moduleName": "ML_HyperparamsCV",
        "moduleVersion": "0.1",
        "languageType": 3,
        "mlmodelId": "bd18e2b0-7523-11e8-971c-a953eaded982",
        "modelName": "RandomForest",
        "alias": "RandomForest",
        "modelStatus": 3,
        "createTime": "2018-06-21T07:21:39.163Z",
        "trainSampleData": [
          {
            "feature": [
              {
                "name": "x0",
                "type": "float",
                "value": 0.3416777926123721
              },
              {
                "name": "x1",
                "type": "float",
                "value": 0.5
              },
              {
                "name": "x2",
                "type": "float",
                "value": 2
              },
              {
                "name": "x3",
                "type": "float",
                "value": 1
              },
              {
                "name": "x4",
                "type": "float",
                "value": 0
              },
              {
                "name": "x5",
                "type": "float",
                "value": 0
              },
              {
                "name": "x6",
                "type": "float",
                "value": 0.354375
              },
              {
                "name": "x7",
                "type": "float",
                "value": 1
              },
              {
                "name": "x8",
                "type": "float",
                "value": 1
              },
              {
                "name": "x9",
                "type": "float",
                "value": 0
              },
              {
                "name": "x10",
                "type": "float",
                "value": 0.65
              },
              {
                "name": "x11",
                "type": "float",
                "value": 9
              },
              {
                "name": "x12",
                "type": "float",
                "value": 9.999999977795539e-8
              },
              {
                "name": "x13",
                "type": "float",
                "value": 9.999999977795539e-8
              },
              {
                "name": "x14",
                "type": "float",
                "value": 9.999999977795539e-8
              },
              {
                "name": "x15",
                "type": "float",
                "value": 3
              },
              {
                "name": "x16",
                "type": "float",
                "value": 0
              }
            ],
            "target": [
              {
                "name": "y",
                "type": "int",
                "value": 89
              }
            ]
          },
          {
            "feature": [
              {
                "name": "x0",
                "type": "float",
                "value": 0.4858700489541611
              },
              {
                "name": "x1",
                "type": "float",
                "value": 0.7756410256410257
              },
              {
                "name": "x2",
                "type": "float",
                "value": 4
              },
              {
                "name": "x3",
                "type": "float",
                "value": 0
              },
              {
                "name": "x4",
                "type": "float",
                "value": 2
              },
              {
                "name": "x5",
                "type": "float",
                "value": 0
              },
              {
                "name": "x6",
                "type": "float",
                "value": 0.6039084842707341
              },
              {
                "name": "x7",
                "type": "float",
                "value": 1
              },
              {
                "name": "x8",
                "type": "float",
                "value": 0
              },
              {
                "name": "x9",
                "type": "float",
                "value": 2
              },
              {
                "name": "x10",
                "type": "float",
                "value": 0.10714285714285716
              },
              {
                "name": "x11",
                "type": "float",
                "value": 6
              },
              {
                "name": "x12",
                "type": "float",
                "value": 0.5
              },
              {
                "name": "x13",
                "type": "float",
                "value": 9.999999977795539e-8
              },
              {
                "name": "x14",
                "type": "float",
                "value": 9.999999977795539e-8
              },
              {
                "name": "x15",
                "type": "float",
                "value": 3
              },
              {
                "name": "x16",
                "type": "float",
                "value": 0
              }
            ],
            "target": [
              {
                "name": "y",
                "type": "int",
                "value": 17
              }
            ]
          },
          {
            "feature": [
              {
                "name": "x0",
                "type": "float",
                "value": 0.9496038732394366
              },
              {
                "name": "x1",
                "type": "float",
                "value": 0.5277777777777778
              },
              {
                "name": "x2",
                "type": "float",
                "value": 7
              },
              {
                "name": "x3",
                "type": "float",
                "value": 1
              },
              {
                "name": "x4",
                "type": "float",
                "value": 2
              },
              {
                "name": "x5",
                "type": "float",
                "value": 0
              },
              {
                "name": "x6",
                "type": "float",
                "value": 0.2458197863446354
              },
              {
                "name": "x7",
                "type": "float",
                "value": 0
              },
              {
                "name": "x8",
                "type": "float",
                "value": 0
              },
              {
                "name": "x9",
                "type": "float",
                "value": 0
              },
              {
                "name": "x10",
                "type": "float",
                "value": 0.07142857142857144
              },
              {
                "name": "x11",
                "type": "float",
                "value": 5
              },
              {
                "name": "x12",
                "type": "float",
                "value": 0.7553191489361702
              },
              {
                "name": "x13",
                "type": "float",
                "value": 0.8411697247706422
              },
              {
                "name": "x14",
                "type": "float",
                "value": 0.78
              },
              {
                "name": "x15",
                "type": "float",
                "value": 0
              },
              {
                "name": "x16",
                "type": "float",
                "value": 0
              }
            ],
            "target": [
              {
                "name": "y",
                "type": "int",
                "value": 326
              }
            ]
          },
          {
            "feature": [
              {
                "name": "x0",
                "type": "float",
                "value": 0.9850352112676056
              },
              {
                "name": "x1",
                "type": "float",
                "value": 0.7948717948717949
              },
              {
                "name": "x2",
                "type": "float",
                "value": 4
              },
              {
                "name": "x3",
                "type": "float",
                "value": 1
              },
              {
                "name": "x4",
                "type": "float",
                "value": 2
              },
              {
                "name": "x5",
                "type": "float",
                "value": 0
              },
              {
                "name": "x6",
                "type": "float",
                "value": 0.7830660086366441
              },
              {
                "name": "x7",
                "type": "float",
                "value": 0
              },
              {
                "name": "x8",
                "type": "float",
                "value": 0
              },
              {
                "name": "x9",
                "type": "float",
                "value": 0
              },
              {
                "name": "x10",
                "type": "float",
                "value": 0.25
              },
              {
                "name": "x11",
                "type": "float",
                "value": 1
              },
              {
                "name": "x12",
                "type": "float",
                "value": 0.5
              },
              {
                "name": "x13",
                "type": "float",
                "value": 9.999999977795539e-8
              },
              {
                "name": "x14",
                "type": "float",
                "value": 9.999999977795539e-8
              },
              {
                "name": "x15",
                "type": "float",
                "value": 3
              },
              {
                "name": "x16",
                "type": "float",
                "value": 0
              }
            ],
            "target": [
              {
                "name": "y",
                "type": "int",
                "value": 365
              }
            ]
          },
          {
            "feature": [
              {
                "name": "x0",
                "type": "float",
                "value": 0.13345356176735798
              },
              {
                "name": "x1",
                "type": "float",
                "value": 0.2142857142857143
              },
              {
                "name": "x2",
                "type": "float",
                "value": 9
              },
              {
                "name": "x3",
                "type": "float",
                "value": 1
              },
              {
                "name": "x4",
                "type": "float",
                "value": 1
              },
              {
                "name": "x5",
                "type": "float",
                "value": 0
              },
              {
                "name": "x6",
                "type": "float",
                "value": 0.5450428979980935
              },
              {
                "name": "x7",
                "type": "float",
                "value": 0
              },
              {
                "name": "x8",
                "type": "float",
                "value": 0
              },
              {
                "name": "x9",
                "type": "float",
                "value": 0
              },
              {
                "name": "x10",
                "type": "float",
                "value": 0.775
              },
              {
                "name": "x11",
                "type": "float",
                "value": 6
              },
              {
                "name": "x12",
                "type": "float",
                "value": 9.999999977795539e-8
              },
              {
                "name": "x13",
                "type": "float",
                "value": 9.999999977795539e-8
              },
              {
                "name": "x14",
                "type": "float",
                "value": 9.999999977795539e-8
              },
              {
                "name": "x15",
                "type": "float",
                "value": 3
              },
              {
                "name": "x16",
                "type": "float",
                "value": 0
              }
            ],
            "target": [
              {
                "name": "y",
                "type": "int",
                "value": 46
              }
            ]
          },
          {
            "feature": [
              {
                "name": "x0",
                "type": "float",
                "value": 0.3721628838451269
              },
              {
                "name": "x1",
                "type": "float",
                "value": 0.2916666666666667
              },
              {
                "name": "x2",
                "type": "float",
                "value": 7
              },
              {
                "name": "x3",
                "type": "float",
                "value": 2
              },
              {
                "name": "x4",
                "type": "float",
                "value": 1
              },
              {
                "name": "x5",
                "type": "float",
                "value": 0
              },
              {
                "name": "x6",
                "type": "float",
                "value": 0.258125
              },
              {
                "name": "x7",
                "type": "float",
                "value": 1
              },
              {
                "name": "x8",
                "type": "float",
                "value": 0
              },
              {
                "name": "x9",
                "type": "float",
                "value": 2
              },
              {
                "name": "x10",
                "type": "float",
                "value": 0.8
              },
              {
                "name": "x11",
                "type": "float",
                "value": 8
              },
              {
                "name": "x12",
                "type": "float",
                "value": 9.999999977795539e-8
              },
              {
                "name": "x13",
                "type": "float",
                "value": 9.999999977795539e-8
              },
              {
                "name": "x14",
                "type": "float",
                "value": 9.999999977795539e-8
              },
              {
                "name": "x15",
                "type": "float",
                "value": 3
              },
              {
                "name": "x16",
                "type": "float",
                "value": 0
              }
            ],
            "target": [
              {
                "name": "y",
                "type": "int",
                "value": 304
              }
            ]
          },
          {
            "feature": [
              {
                "name": "x0",
                "type": "float",
                "value": 0.5464332318399304
              },
              {
                "name": "x1",
                "type": "float",
                "value": 0.6944444444444444
              },
              {
                "name": "x2",
                "type": "float",
                "value": 1
              },
              {
                "name": "x3",
                "type": "float",
                "value": 1
              },
              {
                "name": "x4",
                "type": "float",
                "value": 0
              },
              {
                "name": "x5",
                "type": "float",
                "value": 0
              },
              {
                "name": "x6",
                "type": "float",
                "value": 0.5462345090562439
              },
              {
                "name": "x7",
                "type": "float",
                "value": 0
              },
              {
                "name": "x8",
                "type": "float",
                "value": 0
              },
              {
                "name": "x9",
                "type": "float",
                "value": 0
              },
              {
                "name": "x10",
                "type": "float",
                "value": 0.975
              },
              {
                "name": "x11",
                "type": "float",
                "value": 4
              },
              {
                "name": "x12",
                "type": "float",
                "value": 0.7553191489361702
              },
              {
                "name": "x13",
                "type": "float",
                "value": 0.8176605504587156
              },
              {
                "name": "x14",
                "type": "float",
                "value": 0.77
              },
              {
                "name": "x15",
                "type": "float",
                "value": 0
              },
              {
                "name": "x16",
                "type": "float",
                "value": 0
              }
            ],
            "target": [
              {
                "name": "y",
                "type": "int",
                "value": 797
              }
            ]
          },
          {
            "feature": [
              {
                "name": "x0",
                "type": "float",
                "value": 0.6360374075685079
              },
              {
                "name": "x1",
                "type": "float",
                "value": 0.07142857142857144
              },
              {
                "name": "x2",
                "type": "float",
                "value": 1
              },
              {
                "name": "x3",
                "type": "float",
                "value": 2
              },
              {
                "name": "x4",
                "type": "float",
                "value": 0
              },
              {
                "name": "x5",
                "type": "float",
                "value": 0
              },
              {
                "name": "x6",
                "type": "float",
                "value": 0.7938433066008637
              },
              {
                "name": "x7",
                "type": "float",
                "value": 1
              },
              {
                "name": "x8",
                "type": "float",
                "value": 0
              },
              {
                "name": "x9",
                "type": "float",
                "value": 0
              },
              {
                "name": "x10",
                "type": "float",
                "value": 0.46875
              },
              {
                "name": "x11",
                "type": "float",
                "value": 8
              },
              {
                "name": "x12",
                "type": "float",
                "value": 9.999999977795539e-8
              },
              {
                "name": "x13",
                "type": "float",
                "value": 0.8494839449541285
              },
              {
                "name": "x14",
                "type": "float",
                "value": 0.76
              },
              {
                "name": "x15",
                "type": "float",
                "value": 0
              },
              {
                "name": "x16",
                "type": "float",
                "value": 0
              }
            ],
            "target": [
              {
                "name": "y",
                "type": "int",
                "value": 151
              }
            ]
          },
          {
            "feature": [
              {
                "name": "x0",
                "type": "float",
                "value": 0.04260595130748422
              },
              {
                "name": "x1",
                "type": "float",
                "value": 0.7564102564102564
              },
              {
                "name": "x2",
                "type": "float",
                "value": 1
              },
              {
                "name": "x3",
                "type": "float",
                "value": 1
              },
              {
                "name": "x4",
                "type": "float",
                "value": 0
              },
              {
                "name": "x5",
                "type": "float",
                "value": 0
              },
              {
                "name": "x6",
                "type": "float",
                "value": 0.2417556897352532
              },
              {
                "name": "x7",
                "type": "float",
                "value": 1
              },
              {
                "name": "x8",
                "type": "float",
                "value": 1
              },
              {
                "name": "x9",
                "type": "float",
                "value": 1
              },
              {
                "name": "x10",
                "type": "float",
                "value": 0.8
              },
              {
                "name": "x11",
                "type": "float",
                "value": 5
              },
              {
                "name": "x12",
                "type": "float",
                "value": 0.7659574468085106
              },
              {
                "name": "x13",
                "type": "float",
                "value": 9.999999977795539e-8
              },
              {
                "name": "x14",
                "type": "float",
                "value": 9.999999977795539e-8
              },
              {
                "name": "x15",
                "type": "float",
                "value": 3
              },
              {
                "name": "x16",
                "type": "float",
                "value": 0
              }
            ],
            "target": [
              {
                "name": "y",
                "type": "int",
                "value": 830
              }
            ]
          },
          {
            "feature": [
              {
                "name": "x0",
                "type": "float",
                "value": 0.19003606853020732
              },
              {
                "name": "x1",
                "type": "float",
                "value": 0.5277777777777778
              },
              {
                "name": "x2",
                "type": "float",
                "value": 7
              },
              {
                "name": "x3",
                "type": "float",
                "value": 2
              },
              {
                "name": "x4",
                "type": "float",
                "value": 1
              },
              {
                "name": "x5",
                "type": "float",
                "value": 0
              },
              {
                "name": "x6",
                "type": "float",
                "value": 0.2493032977241059
              },
              {
                "name": "x7",
                "type": "float",
                "value": 1
              },
              {
                "name": "x8",
                "type": "float",
                "value": 0
              },
              {
                "name": "x9",
                "type": "float",
                "value": 0
              },
              {
                "name": "x10",
                "type": "float",
                "value": 0.46875
              },
              {
                "name": "x11",
                "type": "float",
                "value": 8
              },
              {
                "name": "x12",
                "type": "float",
                "value": 0.75
              },
              {
                "name": "x13",
                "type": "float",
                "value": 9.999999977795539e-8
              },
              {
                "name": "x14",
                "type": "float",
                "value": 9.999999977795539e-8
              },
              {
                "name": "x15",
                "type": "float",
                "value": 3
              },
              {
                "name": "x16",
                "type": "float",
                "value": 0
              }
            ],
            "target": [
              {
                "name": "y",
                "type": "int",
                "value": 119
              }
            ]
          }
        ],
        "creator": "apsadmin@TEST.COM",
        "optimalSolution": {
          "n_jobs": 1,
          "n_estimators": 10,
          "min_samples_leaf": 1,
          "max_features": null,
          "max_depth": null
        },
        "mostImportantVariables": {
          "id": 0.2097,
          "balance": 0.1848,
          "age": 0.1288,
          "day": 0.1068,
          "job": 0.0697,
          "campaign": 0.066,
          "month": 0.0527,
          "education": 0.0343,
          "marital": 0.0287,
          "pdays": 0.0283
        },
        "modelTrainInfo": {
          "trainSetRows": 10000,
          "trainSetCols": 17,
          "testSetRows": 2000,
          "testSetCols": 17,
          "trainTime": 2.729
        },
        "modelPublishStatus": 1,
        "startTime": "2018-06-21T07:25:35.581Z",
        "explainedVarianceScore": "0.9615",
        "meanAbsoluteError": "22.4959",
        "meanSquaredError": "2274.7659",
        "meanSquaredLogError": "0.1248",
        "medianAbsoluteError": "0.0000",
        "r2Score": "0.9614",
        "rootMeanSquareError": null,
        "rootMeanSquareLogarithmicError": null,
        "meanAbsolutePercentageError": null,
        "accuracyScore": null,
        "logLoss": null,
        "f1Score": null,
        "fbetaScore": null,
        "precisionScore": null,
        "recallScore": null,
        "rocAucScore": null,
        "rocCurve": null,
        "confusionMatrix": null
      },
      "module_name": "RandomForest"
    }
  },
  "tags": []
}